rouge1,rouge2,rougeL,rougeLsum
0.02004050005326804,0.0,0.02000675788629326,0.01974514040499308
